method,cycle,instance_type,seconds,s3_put,s3_get
native_dl,2026/09/12/T0000Z,c7i.16xlarge,1439,,
native_dl,2026/09/12/T0600Z,c7i.16xlarge,1441,,
native_dl,2026/09/12/T1200Z,c7i.16xlarge,1356,,
native_dl,2026/09/12/T1800Z,c7i.16xlarge,1369,,
native_dl,2026/09/13/T0000Z,c7i.16xlarge,1371,,
native_dl,2026/09/13/T0600Z,c7i.16xlarge,1366,,
native_dl,2026/09/13/T1200Z,c7i.16xlarge,1350,,
native_dl,2026/09/13/T1800Z,c7i.16xlarge,1351,,
native_dl,2026/09/14/T0000Z,c7i.16xlarge,1355,,
native_dl,2026/09/14/T0600Z,c7i.16xlarge,1354,,
native_dl,2026/09/14/T1200Z,c7i.16xlarge,1358,,
native_dl,2026/09/14/T1800Z,c7i.16xlarge,1359,,
native_dl,2026/09/15/T0000Z,c7i.16xlarge,1353,,
native_dl,2026/09/15/T0600Z,c7i.16xlarge,1346,,
native_dl,2026/09/15/T1200Z,c7i.16xlarge,1339,,
native_dl,2026/09/15/T1800Z,c7i.16xlarge,1346,,
native_dl,2026/09/16/T0000Z,c7i.16xlarge,1340,,
native_dl,2026/09/16/T0600Z,c7i.16xlarge,1347,,
native_dl,2026/09/16/T1200Z,c7i.16xlarge,1344,,
native_dl,2026/09/16/T1800Z,c7i.16xlarge,1363,,
native_dl,2026/09/17/T0000Z,c7i.16xlarge,1347,,
native_dl,2026/09/17/T0600Z,c7i.16xlarge,1347,,
native_dl,2026/09/17/T1200Z,c7i.16xlarge,1349,,
native_dl,2026/09/17/T1800Z,c7i.16xlarge,1361,,
native_dl,2026/09/18/T0000Z,c7i.16xlarge,1367,,
native_dl,2026/09/18/T0600Z,c7i.16xlarge,1374,,
native_dl,2026/09/18/T1200Z,c7i.16xlarge,1366,,
native_dl,2026/09/18/T1800Z,c7i.16xlarge,1358,,
