method,cycle,instance_type,seconds,s3_put,s3_get
table,2026/09/12/T0000Z,c7i.16xlarge,1495,,
table,2026/09/12/T0600Z,c7i.16xlarge,1495,,
table,2026/09/12/T1200Z,c7i.16xlarge,1495,,
table,2026/09/12/T1800Z,c7i.16xlarge,1495,,
table,2026/09/13/T0000Z,c7i.16xlarge,1495,,
table,2026/09/13/T0600Z,c7i.16xlarge,1495,,
table,2026/09/13/T1200Z,c7i.16xlarge,1495,,
table,2026/09/13/T1800Z,c7i.16xlarge,1495,,
table,2026/09/14/T0000Z,c7i.16xlarge,1495,,
table,2026/09/14/T0600Z,c7i.16xlarge,1495,,
table,2026/09/14/T1200Z,c7i.16xlarge,1495,,
table,2026/09/14/T1800Z,c7i.16xlarge,1495,,
table,2026/09/15/T0000Z,c7i.16xlarge,1495,,
table,2026/09/15/T0600Z,c7i.16xlarge,1495,,
table,2026/09/15/T1200Z,c7i.16xlarge,1495,,
table,2026/09/15/T1800Z,c7i.16xlarge,1495,,
table,2026/09/16/T0000Z,c7i.16xlarge,1495,,
table,2026/09/16/T0600Z,c7i.16xlarge,1495,,
table,2026/09/16/T1200Z,c7i.16xlarge,1495,,
table,2026/09/16/T1800Z,c7i.16xlarge,1495,,
table,2026/09/17/T0000Z,c7i.16xlarge,1495,,
table,2026/09/17/T0600Z,c7i.16xlarge,1495,,
table,2026/09/17/T1200Z,c7i.16xlarge,1495,,
table,2026/09/17/T1800Z,c7i.16xlarge,1495,,
table,2026/09/18/T0000Z,c7i.16xlarge,1495,,
table,2026/09/18/T0600Z,c7i.16xlarge,1495,,
table,2026/09/18/T1200Z,c7i.16xlarge,1495,,
table,2026/09/18/T1800Z,c7i.16xlarge,1495,,
