method,query,get_per_run,head_per_run,list_per_run,source
download,q1,169.4,0.1,12.0,"request pass 2026-09-30 15:03-16:20 UTC, (N-run minus 1-run)/(N-1), idle baseline removed"
download,q2,613.3,2.0,23.0,"request pass 2026-09-30 15:03-16:20 UTC, (N-run minus 1-run)/(N-1), idle baseline removed"
download,q3,57.5,8.2,25.0,"request pass 2026-09-30 15:03-16:20 UTC, (N-run minus 1-run)/(N-1), idle baseline removed"
fuse,q1,16650.0,187.0,189.0,"canonical run 2026-09-30, one run per query, idle baseline removed"
fuse,q2,20505.0,581.0,585.0,"canonical run 2026-09-30, one run per query, idle baseline removed"
fuse,q3,3500.0,82.8,86.5,"canonical run 2026-09-30, one run per query, idle baseline removed"
native_dl,q1,298.2,0.0,0.0,"request pass 2026-09-30 15:03-16:20 UTC, (N-run minus 1-run)/(N-1), idle baseline removed"
native_dl,q2,1232.7,0.0,0.3,"request pass 2026-09-30 15:03-16:20 UTC, (N-run minus 1-run)/(N-1), idle baseline removed"
native_dl,q3,77.0,0.0,0.0,"request pass 2026-09-30 15:03-16:20 UTC, (N-run minus 1-run)/(N-1), idle baseline removed"
native_ts,q1,3.0,0.0,0.2,"request pass 2026-09-30 15:03-16:20 UTC, (N-run minus 1-run)/(N-1), idle baseline removed"
native_ts,q2,21.7,1.3,0.0,"request pass 2026-09-30 15:03-16:20 UTC, (N-run minus 1-run)/(N-1), idle baseline removed"
native_ts,q3,1811.0,1.5,0.5,"request pass 2026-09-30 15:03-16:20 UTC, (N-run minus 1-run)/(N-1), idle baseline removed"
table_hilbert,q1,5553.8,3.6,0.0,"request pass 2026-09-30 15:03-16:20 UTC, (N-run minus 1-run)/(N-1), idle baseline removed"
table_hilbert,q2,19839.9,19.2,1.6,"canonical run 2026-09-30 clean windows, idle baseline and one table open removed"
table_hilbert,q3,22630.7,4.3,0.5,"canonical run 2026-09-30 clean windows, idle baseline and one table open removed"
virtual,q1,2477.8,1.4,0.0,"request pass 2026-09-30 15:03-16:20 UTC, (N-run minus 1-run)/(N-1), idle baseline removed"
virtual,q2,49055.3,0.8,0.0,"request pass 2026-09-30 15:03-16:20 UTC, (N-run minus 1-run)/(N-1), idle baseline removed"
virtual,q3,97423.0,5.8,0.5,"request pass 2026-09-30 15:03-16:20 UTC, (N-run minus 1-run)/(N-1), idle baseline removed"
